{"timestamp": 1783998746.825952, "dataset_size": 904, "minutes": 39.03209402958552}