{"timestamp": 1783991823.9383035, "dataset_size": 301, "minutes": 12.983613395690918}