{"timestamp": 1783989596.6017594, "dataset_size": 172, "minutes": 7.345239249865214}