{"timestamp": 1783912225.053128, "dataset_size": 3907, "minutes": 167.39590445756912, "type": "full_fine_tune", "parameters_trained": 81912576}