{"timestamp": 1784089828.4112804, "dataset_size": 550, "minutes": 7.7404700716336565}